名前,業界,電話番号,住所,レビュー,ホームページ,GoogleMapURL
(株)清光園芸, 園芸センター,086-420-1020 ,〒710-0022 岡山県倉敷市早高２４ ,★★★★☆ ,https://seiko-engei.com ,https://www.google.com/maps/place/(%E6%A0%AA)%E6%B8%85%E5%85%89%E5%9C%92%E8%8A%B8/data=!4m7!3m6!1s0x3553fdbfa5ec9777:0xc90fa20efa05f8a6!8m2!3d34.5834466!4d133.8120096!16s%2Fg%2F1tf6k0p3!19sChIJd5fspb_9UzURpvgF-g6iD8k?authuser=0&hl=ja&rclk=1
農マル園芸 吉備路農園, ファーマーズ マーケット,0866-94-6755 ,〒719-1164 岡山県総社市西郡４１１番地１ ,★★★★☆ ,https://noumaru.jp ,https://www.google.com/maps/place/%E8%BE%B2%E3%83%9E%E3%83%AB%E5%9C%92%E8%8A%B8+%E5%90%89%E5%82%99%E8%B7%AF%E8%BE%B2%E5%9C%92/data=!4m7!3m6!1s0x355155083b2c68e1:0x9007a8f51ef933c5!8m2!3d34.6612427!4d133.7630416!16s%2Fg%2F1th84ylg!19sChIJ4WgsOwhVUTURxTP5HvWoB5A?authuser=0&hl=ja&rclk=1
岡山県温室園芸農協,農業組合,086-296-5298 ,〒701-0221 岡山県岡山市南区藤田５６６−１２６ ,,,https://www.google.com/maps/place/%E5%B2%A1%E5%B1%B1%E7%9C%8C%E6%B8%A9%E5%AE%A4%E5%9C%92%E8%8A%B8%E8%BE%B2%E5%8D%94/data=!4m7!3m6!1s0x3553f8f760b5878f:0x8b92d2bb6b9bec8b!8m2!3d34.6079541!4d133.9018922!16s%2Fg%2F1tfrdld9!19sChIJj4e1YPf4UzURi-yba7vSkos?authuser=0&hl=ja&rclk=1
農マル園芸あかいわ農園, ファーマーズ マーケット,086-956-2211 ,〒709-0817 岡山県赤磐市上市１７５−１ ,★★★★☆ ,https://noumaru.jp ,https://www.google.com/maps/place/%E8%BE%B2%E3%83%9E%E3%83%AB%E5%9C%92%E8%8A%B8%E3%81%82%E3%81%8B%E3%81%84%E3%82%8F%E8%BE%B2%E5%9C%92/data=!4m7!3m6!1s0x35541186c7ceb5bb:0xb36d15d3233a03b3!8m2!3d34.7570686!4d134.0168609!16s%2Fg%2F11g9jrx1c7!19sChIJu7XOx4YRVDURswM6I9MVbbM?authuser=0&hl=ja&rclk=1
全農岡山県本部園芸部園芸集配センター,,086-296-4486 ,〒701-0221 岡山県岡山市南区藤田５６６−１２６ ,,,https://www.google.com/maps/place/%E5%85%A8%E8%BE%B2%E5%B2%A1%E5%B1%B1%E7%9C%8C%E6%9C%AC%E9%83%A8%E5%9C%92%E8%8A%B8%E9%83%A8%E5%9C%92%E8%8A%B8%E9%9B%86%E9%85%8D%E3%82%BB%E3%83%B3%E3%82%BF%E3%83%BC/data=!4m7!3m6!1s0x3553f8f760b5878f:0x6cdf356f3e968072!8m2!3d34.6079542!4d133.9018892!16s%2Fg%2F1tdlf39t!19sChIJj4e1YPf4UzURcoCWPm8132w?authuser=0&hl=ja&rclk=1
倉敷グリーンファーム, 花屋,080-5409-1112 ,〒710-0006 岡山県倉敷市祐安１５０７−２ ,★★★★★ ,https://kurashikigf.com ,https://www.google.com/maps/place/%E5%80%89%E6%95%B7%E3%82%B0%E3%83%AA%E3%83%BC%E3%83%B3%E3%83%95%E3%82%A1%E3%83%BC%E3%83%A0/data=!4m7!3m6!1s0x3551574f736ecdcd:0x87b2c5bed920e2c!8m2!3d34.6178172!4d133.7598135!16s%2Fg%2F11mpr5b2rt!19sChIJzc1uc09XUTURLA6S7Vssewg?authuser=0&hl=ja&rclk=1
RVパーク 農マル園芸 吉備路農園, 駐車場,0866-94-6755 ,〒719-1164 岡山県総社市西郡４１１−１ ,★★★★☆ ,https://kurumatabi.com ,https://www.google.com/maps/place/RV%E3%83%91%E3%83%BC%E3%82%AF+%E8%BE%B2%E3%83%9E%E3%83%AB%E5%9C%92%E8%8A%B8+%E5%90%89%E5%82%99%E8%B7%AF%E8%BE%B2%E5%9C%92/data=!4m7!3m6!1s0x35515508190d0ac3:0x5842ee938277f3ee!8m2!3d34.6620915!4d133.7635437!16s%2Fg%2F11g6xwv6lb!19sChIJwwoNGQhVUTUR7vN3gpPuQlg?authuser=0&hl=ja&rclk=1
熊山英国庭園, 庭園,086-995-9300 ,〒709-0703 岡山県赤磐市殿谷１７０−１ ,★★★★☆ ,https://city.akaiwa.lg.jp ,https://www.google.com/maps/place/%E7%86%8A%E5%B1%B1%E8%8B%B1%E5%9B%BD%E5%BA%AD%E5%9C%92/data=!4m7!3m6!1s0x35541518c332053d:0x181425d87bd89f1c!8m2!3d34.8117856!4d134.0748729!16s%2Fg%2F1thxt12p!19sChIJPQUywxgVVDURHJ_Ye9glFBg?authuser=0&hl=ja&rclk=1
さつき園, 介護施設,086-362-4847 ,〒709-1215 岡山県岡山市南区片岡１７６ ,★★★★★ ,,https://www.google.com/maps/place/%E3%81%95%E3%81%A4%E3%81%8D%E5%9C%92/data=!4m7!3m6!1s0x3553fc7fa3d1a3b1:0x4cb1dc1001174d4a!8m2!3d34.544732!4d133.865673!16s%2Fg%2F1tslgk5r!19sChIJsaPRo3_8UzURSk0XARDcsUw?authuser=0&hl=ja&rclk=1
奈義有機センター堆肥発酵処理施設,肥料製造販売業者,0868-36-8040 ,〒708-1315 岡山県勝田郡奈義町中島西１４３２−７ ,,https://okayama.lin.gr.jp ,https://www.google.com/maps/place/%E5%A5%88%E7%BE%A9%E6%9C%89%E6%A9%9F%E3%82%BB%E3%83%B3%E3%82%BF%E3%83%BC%E5%A0%86%E8%82%A5%E7%99%BA%E9%85%B5%E5%87%A6%E7%90%86%E6%96%BD%E8%A8%AD/data=!4m7!3m6!1s0x3555b55b8278d2ed:0x1c88d8ab9d2156d8!8m2!3d35.1011387!4d134.1538672!16s%2Fg%2F11sbrjqbzk!19sChIJ7dJ4glu1VTUR2FYhnavYiBw?authuser=0&hl=ja&rclk=1
体験学習施設 百花プラザ, コミュニティ センター,086-944-8716 ,〒704-8117 岡山県岡山市東区西大寺南１丁目２−３ ,★★★★☆ ,https://okayama-park.or.jp ,https://www.google.com/maps/place/%E4%BD%93%E9%A8%93%E5%AD%A6%E7%BF%92%E6%96%BD%E8%A8%AD+%E7%99%BE%E8%8A%B1%E3%83%97%E3%83%A9%E3%82%B6/data=!4m7!3m6!1s0x35540c07d71d216b:0x3e909baeb3fa77f0!8m2!3d34.6503713!4d134.0292465!16s%2Fg%2F11b7sz0v_9!19sChIJayEd1wcMVDUR8Hf6s66bkD4?authuser=0&hl=ja&rclk=1
農マルさん直市場 岡山店, ファーマーズ マーケット,086-271-0147 ,〒703-8248 岡山県岡山市中区さい１４７−４ ,★★★★☆ ,https://noumaru.jp ,https://www.google.com/maps/place/%E8%BE%B2%E3%83%9E%E3%83%AB%E3%81%95%E3%82%93%E7%9B%B4%E5%B8%82%E5%A0%B4+%E5%B2%A1%E5%B1%B1%E5%BA%97/data=!4m7!3m6!1s0x355408aeae6e1779:0xb9d62bb5e45bb5c2!8m2!3d34.6799674!4d133.9487213!16s%2Fg%2F11h171rbt!19sChIJeRdurq4IVDURwrVb5LUr1rk?authuser=0&hl=ja&rclk=1
実のり山陽店, 農業用品店,086-955-5561 ,〒709-0817 岡山県赤磐市上市１８０−１ ,★★★★☆ ,https://time-all.co.jp ,https://www.google.com/maps/place/%E5%AE%9F%E3%81%AE%E3%82%8A%E5%B1%B1%E9%99%BD%E5%BA%97/data=!4m7!3m6!1s0x35541186d1c1585f:0xa411ded674230fcf!8m2!3d34.7564797!4d134.0170528!16s%2Fg%2F1vs5tjmh!19sChIJX1jB0YYRVDURzw8jdNbeEaQ?authuser=0&hl=ja&rclk=1
株式会社おおもり農園, 農場,,〒703-8227 岡山県岡山市中区兼基１１１−１ 杜の家 就労継続支援Ａ型事業所 杜の家ファーム ,★★★★★ ,,https://www.google.com/maps/place/%E6%A0%AA%E5%BC%8F%E4%BC%9A%E7%A4%BE%E3%81%8A%E3%81%8A%E3%82%82%E3%82%8A%E8%BE%B2%E5%9C%92/data=!4m7!3m6!1s0x35540f2c90688b43:0x711ce29610478b7b!8m2!3d34.6746003!4d133.9718865!16s%2Fg%2F11csrw1j14!19sChIJQ4tokCwPVDURe4tHEJbiHHE?authuser=0&hl=ja&rclk=1
瀬戸内フルーツガーデン, 果樹園,0869-66-7015 ,〒701-4271 岡山県瀬戸内市長船町長船７２３−１ ,★★★★☆ ,https://kowan.co.jp ,https://www.google.com/maps/place/%E7%80%AC%E6%88%B8%E5%86%85%E3%83%95%E3%83%AB%E3%83%BC%E3%83%84%E3%82%AC%E3%83%BC%E3%83%87%E3%83%B3/data=!4m7!3m6!1s0x35546d2e700985ed:0xd7533db79fcf24f1!8m2!3d34.715922!4d134.100623!16s%2Fg%2F12hnq4dt0!19sChIJ7YUJcC5tVDUR8STPn7c9U9c?authuser=0&hl=ja&rclk=1
農マル園芸 駐車場, 駐車場,,〒719-1164 岡山県総社市西郡 ,★★★★☆ ,,https://www.google.com/maps/place/%E8%BE%B2%E3%83%9E%E3%83%AB%E5%9C%92%E8%8A%B8+%E9%A7%90%E8%BB%8A%E5%A0%B4/data=!4m7!3m6!1s0x355155bd0259e1b1:0x75742e851fa757b1!8m2!3d34.6611307!4d133.7626561!16s%2Fg%2F11f7mhbkpy!19sChIJseFZAr1VUTURsVenH4UudHU?authuser=0&hl=ja&rclk=1
蒜山ハーブガーデン ハービル, コミュニティ ガーデン,0867-66-4533 ,〒717-0604 岡山県真庭市蒜山西茅部１４８０−６４ ,★★★★☆ ,https://jimdofree.com ,https://www.google.com/maps/place/%E8%92%9C%E5%B1%B1%E3%83%8F%E3%83%BC%E3%83%96%E3%82%AC%E3%83%BC%E3%83%87%E3%83%B3+%E3%83%8F%E3%83%BC%E3%83%93%E3%83%AB/data=!4m7!3m6!1s0x35568f4b92dc218f:0xf953085b5204d02b!8m2!3d35.257414!4d133.622405!16s%2Fg%2F1trxh3c1!19sChIJjyHckkuPVjURK9AEUlsIU_k?authuser=0&hl=ja&rclk=1
おおもり農園いちご&野菜直売所,,086-279-8391 ,,,https://omorifarm.jp ,https://www.google.com/maps/place/%E3%81%8A%E3%81%8A%E3%82%82%E3%82%8A%E8%BE%B2%E5%9C%92%E3%81%84%E3%81%A1%E3%81%94%26%E9%87%8E%E8%8F%9C%E7%9B%B4%E5%A3%B2%E6%89%80/data=!4m7!3m6!1s0x35540f32afbf15a7:0x22568e71a2fbf20c!8m2!3d34.7336846!4d133.9312078!16s%2Fg%2F1tj2l8_q!19sChIJpxW_rzIPVDURDPL7onGOViI?authuser=0&hl=ja&rclk=1
株式会社サラ 菜園, 農場,0865-63-8031 ,〒714-0054 岡山県笠岡市平成町９５−１ ,★★★☆☆ ,https://sarafarm.jp ,https://www.google.com/maps/place/%E6%A0%AA%E5%BC%8F%E4%BC%9A%E7%A4%BE%E3%82%B5%E3%83%A9+%E8%8F%9C%E5%9C%92/data=!4m7!3m6!1s0x35511541b1709f59:0x4b793fec83aa80c7!8m2!3d34.4966727!4d133.4818884!16s%2Fg%2F11h4pqgtbk!19sChIJWZ9wsUEVUTURx4Cqg-w_eUs?authuser=0&hl=ja&rclk=1
岡山県農業共済会館, 農業関連組織,086-224-5588 ,〒700-0984 岡山県岡山市北区桑田町１−３０ 農業共済会館 ,★★★☆☆ ,https://ok-nosai.or.jp ,https://www.google.com/maps/place/%E5%B2%A1%E5%B1%B1%E7%9C%8C%E8%BE%B2%E6%A5%AD%E5%85%B1%E6%B8%88%E4%BC%9A%E9%A4%A8/data=!4m7!3m6!1s0x355407b26d08a507:0x65e44a9b56fed148!8m2!3d34.660809!4d133.915797!16s%2Fg%2F1tj4dwnh!19sChIJB6UIbbIHVDURSNH-VptK5GU?authuser=0&hl=ja&rclk=1
おおもり農園いちご&野菜直売所,,086-279-8391 ,,,https://omorifarm.jp ,https://www.google.com/maps/place/%E3%81%8A%E3%81%8A%E3%82%82%E3%82%8A%E8%BE%B2%E5%9C%92%E3%81%84%E3%81%A1%E3%81%94%26%E9%87%8E%E8%8F%9C%E7%9B%B4%E5%A3%B2%E6%89%80/data=!4m7!3m6!1s0x35540f32afbf15a7:0x22568e71a2fbf20c!8m2!3d34.7336846!4d133.9312078!16s%2Fg%2F1tj2l8_q!19sChIJpxW_rzIPVDURDPL7onGOViI?authuser=0&hl=ja&rclk=1
株式会社サラ 菜園, 農場,0865-63-8031 ,〒714-0054 岡山県笠岡市平成町９５−１ ,★★★☆☆ ,https://sarafarm.jp ,https://www.google.com/maps/place/%E6%A0%AA%E5%BC%8F%E4%BC%9A%E7%A4%BE%E3%82%B5%E3%83%A9+%E8%8F%9C%E5%9C%92/data=!4m7!3m6!1s0x35511541b1709f59:0x4b793fec83aa80c7!8m2!3d34.4966727!4d133.4818884!16s%2Fg%2F11h4pqgtbk!19sChIJWZ9wsUEVUTURx4Cqg-w_eUs?authuser=0&hl=ja&rclk=1
(株)ファーム安井, 農業関連組織,086-229-9060 ,〒709-0824 岡山県赤磐市穂崎８８５ ,★★★☆☆ ,https://farm-yasui.com ,https://www.google.com/maps/place/(%E6%A0%AA)%E3%83%95%E3%82%A1%E3%83%BC%E3%83%A0%E5%AE%89%E4%BA%95/data=!4m7!3m6!1s0x355411e5ad9290df:0x51e04002ea37631!8m2!3d34.736839!4d134.007456!16s%2Fg%2F11hblrd4fm!19sChIJ35CSreURVDURMXajLgAEHgU?authuser=0&hl=ja&rclk=1
岡山県農業共済会館, 農業関連組織,086-224-5588 ,〒700-0984 岡山県岡山市北区桑田町１−３０ 農業共済会館 ,★★★☆☆ ,https://ok-nosai.or.jp ,https://www.google.com/maps/place/%E5%B2%A1%E5%B1%B1%E7%9C%8C%E8%BE%B2%E6%A5%AD%E5%85%B1%E6%B8%88%E4%BC%9A%E9%A4%A8/data=!4m7!3m6!1s0x355407b26d08a507:0x65e44a9b56fed148!8m2!3d34.660809!4d133.915797!16s%2Fg%2F1tj4dwnh!19sChIJB6UIbbIHVDURSNH-VptK5GU?authuser=0&hl=ja&rclk=1
全農岡山県本部資材部, 農業組合,086-296-5416 ,〒701-0221 岡山県岡山市南区藤田５６６−１２６ ,★★★★☆ ,,https://www.google.com/maps/place/%E5%85%A8%E8%BE%B2%E5%B2%A1%E5%B1%B1%E7%9C%8C%E6%9C%AC%E9%83%A8%E8%B3%87%E6%9D%90%E9%83%A8/data=!4m7!3m6!1s0x3553f8f760b5878f:0x38af84b10f573827!8m2!3d34.6079542!4d133.9018892!16s%2Fg%2F1vyk0bcb!19sChIJj4e1YPf4UzURJzhXD7GErzg?authuser=0&hl=ja&rclk=1
ルーラルカプリ農場, 農場,086-297-5864 ,〒709-0635 岡山県岡山市東区草ケ部１３４６ ,★★★★☆ ,https://yagimilk.com ,https://www.google.com/maps/place/%E3%83%AB%E3%83%BC%E3%83%A9%E3%83%AB%E3%82%AB%E3%83%97%E3%83%AA%E8%BE%B2%E5%A0%B4/data=!4m7!3m6!1s0x35540de4aa73f5ab:0x308d012d984fae80!8m2!3d34.7130164!4d134.0246699!16s%2Fg%2F1x5f85nz!19sChIJq_VzquQNVDURgK5PmC0BjTA?authuser=0&hl=ja&rclk=1
NOSAI岡山 新見支所,協会/組織,0867-72-4455 ,〒718-0017 岡山県新見市西方４２３−６ ,,https://ok-nosai.or.jp ,https://www.google.com/maps/place/NOSAI%E5%B2%A1%E5%B1%B1+%E6%96%B0%E8%A6%8B%E6%94%AF%E6%89%80/data=!4m7!3m6!1s0x3556c7c4869b345f:0x6e948d6616a50eab!8m2!3d34.9868706!4d133.4592346!16s%2Fg%2F1tgjzgn1!19sChIJXzSbhsTHVjURqw6lFmaNlG4?authuser=0&hl=ja&rclk=1
美作農園, 農業サービス業,0868-74-3887 ,〒701-2605 岡山県美作市奥５８５−１ ,★★★★☆ ,https://mimaen.co.jp ,https://www.google.com/maps/place/%E7%BE%8E%E4%BD%9C%E8%BE%B2%E5%9C%92/data=!4m7!3m6!1s0x3554477526e4353f:0x849df1dd8f4359b5!8m2!3d34.9292642!4d134.1141978!16s%2Fg%2F1tg9fcs4!19sChIJPzXkJnVHVDURtVlDj93xnYQ?authuser=0&hl=ja&rclk=1
（一社）岡山県農業開発研究所, 農業関連組織,086-957-2000 ,〒701-2221 岡山県赤磐市大苅田７９８−３ ,★★★★☆ ,https://nokaiken.or.jp ,https://www.google.com/maps/place/%EF%BC%88%E4%B8%80%E7%A4%BE%EF%BC%89%E5%B2%A1%E5%B1%B1%E7%9C%8C%E8%BE%B2%E6%A5%AD%E9%96%8B%E7%99%BA%E7%A0%94%E7%A9%B6%E6%89%80/data=!4m7!3m6!1s0x35541159720d5957:0x1a3b641dd18b1809!8m2!3d34.785781!4d134.016109!16s%2Fg%2F1tp1wn5_!19sChIJV1kNclkRVDURCRiL0R1kOxo?authuser=0&hl=ja&rclk=1
きびファーム美果美香, 果樹園,090-1325-5241 ,〒701-1221 岡山県岡山市北区芳賀２３７８−１ ,★★★★☆ ,https://kibipika.jp ,https://www.google.com/maps/place/%E3%81%8D%E3%81%B3%E3%83%95%E3%82%A1%E3%83%BC%E3%83%A0%E7%BE%8E%E6%9E%9C%E7%BE%8E%E9%A6%99/data=!4m7!3m6!1s0x355406ae8af7118f:0xaead5cf5b924602d!8m2!3d34.7123652!4d133.8731499!16s%2Fg%2F11g6bkl23g!19sChIJjxH3iq4GVDURLWAkufVcra4?authuser=0&hl=ja&rclk=1
Foret Farm｜ フォレットファーム,インターネット ショップ,090-6839-2703 ,〒710-0145 岡山県倉敷市福江５９ ,,https://foret.co ,https://www.google.com/maps/place/Foret+Farm%EF%BD%9C+%E3%83%95%E3%82%A9%E3%83%AC%E3%83%83%E3%83%88%E3%83%95%E3%82%A1%E3%83%BC%E3%83%A0/data=!4m7!3m6!1s0x3553e2b401cf4361:0x40f2e77511babd2!8m2!3d34.5298769!4d133.805378!16s%2Fg%2F11hcz18zr1!19sChIJYUPPAbTiUzUR0qsbUXcuDwQ?authuser=0&hl=ja&rclk=1
JA全農 岡山県本部, 農業組合,086-234-6862 ,〒700-0826 岡山県岡山市北区磨屋町９−１８ ,★★★★☆ ,,https://www.google.com/maps/place/JA%E5%85%A8%E8%BE%B2+%E5%B2%A1%E5%B1%B1%E7%9C%8C%E6%9C%AC%E9%83%A8/data=!4m7!3m6!1s0x3554063591f817cb:0x95f62387de82132d!8m2!3d34.6627949!4d133.9252316!16s%2Fg%2F1tnmpk3y!19sChIJyxf4kTUGVDURLROC3ocj9pU?authuser=0&hl=ja&rclk=1
すど観光農園, 果樹園,0866-67-1426 ,〒715-0024 岡山県井原市高屋町１８４０ ,★★★★☆ ,,https://www.google.com/maps/place/%E3%81%99%E3%81%A9%E8%A6%B3%E5%85%89%E8%BE%B2%E5%9C%92/data=!4m7!3m6!1s0x35513ef62fc81ba3:0x14d334840ddf6474!8m2!3d34.5930793!4d133.4326379!16s%2Fg%2F1w_vl2rt!19sChIJoxvIL_Y-UTURdGTfDYQ00xQ?authuser=0&hl=ja&rclk=1
JA晴れの国岡山 山手直売所「ふれあいの里」, ファーマーズ マーケット,0866-93-2338 ,〒719-1162 岡山県総社市岡谷２３ ,★★★★☆ ,https://ja-hareoka.or.jp ,https://www.google.com/maps/place/JA%E6%99%B4%E3%82%8C%E3%81%AE%E5%9B%BD%E5%B2%A1%E5%B1%B1+%E5%B1%B1%E6%89%8B%E7%9B%B4%E5%A3%B2%E6%89%80%E3%80%8C%E3%81%B5%E3%82%8C%E3%81%82%E3%81%84%E3%81%AE%E9%87%8C%E3%80%8D/data=!4m7!3m6!1s0x35515573b83384c1:0x12319f6659592a32!8m2!3d34.6619894!4d133.7752345!16s%2Fg%2F1tf73bj5!19sChIJwYQzuHNVUTURMipZWWafMRI?authuser=0&hl=ja&rclk=1
中山いちご園, 果樹園,086-294-2747 ,〒701-1141 岡山県岡山市北区菅野３９８０ ,★★★★☆ ,https://www5e.biglobe.ne.jp ,https://www.google.com/maps/place/%E4%B8%AD%E5%B1%B1%E3%81%84%E3%81%A1%E3%81%94%E5%9C%92/data=!4m7!3m6!1s0x3554046139547919:0x9319ebd5f66b8a4c!8m2!3d34.746871!4d133.8833268!16s%2Fg%2F1vzg01y_!19sChIJGXlUOWEEVDURTIpr9tXrGZM?authuser=0&hl=ja&rclk=1
PLANT-5 鏡野店, スーパーマーケット,0868-54-5800 ,〒708-0331 岡山県苫田郡鏡野町布原１３６ ,★★★★☆ ,https://plant-co.jp ,https://www.google.com/maps/place/PLANT-5+%E9%8F%A1%E9%87%8E%E5%BA%97/data=!4m7!3m6!1s0x35542fd48fca33f7:0xdc3f426451e99d59!8m2!3d35.0800005!4d133.9396804!16s%2Fg%2F1tk8ldvd!19sChIJ9zPKj9QvVDURWZ3pUWRCP9w?authuser=0&hl=ja&rclk=1
岡山県備前県民局 農林水産事業部農地農村整備第一課第一班,農業関連組織,086-233-9822 ,〒700-0817 岡山県岡山市北区弓之町６−１ ,,,https://www.google.com/maps/place/%E5%B2%A1%E5%B1%B1%E7%9C%8C%E5%82%99%E5%89%8D%E7%9C%8C%E6%B0%91%E5%B1%80+%E8%BE%B2%E6%9E%97%E6%B0%B4%E7%94%A3%E4%BA%8B%E6%A5%AD%E9%83%A8%E8%BE%B2%E5%9C%B0%E8%BE%B2%E6%9D%91%E6%95%B4%E5%82%99%E7%AC%AC%E4%B8%80%E8%AA%B2%E7%AC%AC%E4%B8%80%E7%8F%AD/data=!4m7!3m6!1s0x35540639aee049cb:0xaa602fe056cc06d8!8m2!3d34.6695649!4d133.9274338!16s%2Fg%2F1td7fkgn!19sChIJy0ngrjkGVDUR2AbMVuAvYKo?authuser=0&hl=ja&rclk=1
アット・ファーム倉敷(株), 農業関連組織,086-697-0010 ,〒710-1304 岡山県倉敷市真備町尾崎２−２ ,★★★☆☆ ,https://nakamotoya.co.jp ,https://www.google.com/maps/place/%E3%82%A2%E3%83%83%E3%83%88%E3%83%BB%E3%83%95%E3%82%A1%E3%83%BC%E3%83%A0%E5%80%89%E6%95%B7(%E6%A0%AA)/data=!4m7!3m6!1s0x35515101df42a6a5:0x54a4f97f40b03704!8m2!3d34.6268284!4d133.6791806!16s%2Fg%2F1tgqg6zp!19sChIJpaZC3wFRUTURBDewQH_5pFQ?authuser=0&hl=ja&rclk=1
DCM 岡山店, ホームセンター,086-296-0303 ,〒701-0221 岡山県岡山市南区藤田５６０−２３６ ,★★★★☆ ,https://dcm-hc.co.jp ,https://www.google.com/maps/place/DCM+%E5%B2%A1%E5%B1%B1%E5%BA%97/data=!4m7!3m6!1s0x3553f915dd995981:0xb80dfc832307c3c!8m2!3d34.5914283!4d133.8878567!16s%2Fg%2F1tffb09g!19sChIJgVmZ3RX5UzURPHwwMsjfgAs?authuser=0&hl=ja&rclk=1
NOSAI岡山, 協会/組織,086-277-5511 ,〒703-8265 岡山県岡山市中区倉田４３６−２ ,★★★☆☆ ,https://ok-nosai.or.jp ,https://www.google.com/maps/place/NOSAI%E5%B2%A1%E5%B1%B1/data=!4m7!3m6!1s0x3554085b8ce32a67:0xdd25879f34cb5732!8m2!3d34.6347275!4d133.9679914!16s%2Fg%2F1tf6dgbh!19sChIJZyrjjFsIVDURMlfLNJ-HJd0?authuser=0&hl=ja&rclk=1
ぽかぽか,花屋,086-267-3211 ,〒702-8011 岡山県岡山市南区郡３００４−３５ ,,,https://www.google.com/maps/place/%E3%81%BD%E3%81%8B%E3%81%BD%E3%81%8B/data=!4m7!3m6!1s0x3553f79a30e958e9:0xec91bfa4fe072aed!8m2!3d34.580892!4d133.957178!16s%2Fg%2F1td1gtm3!19sChIJ6VjpMJr3UzUR7SoH_qS_kew?authuser=0&hl=ja&rclk=1
きよね夢てらす（ＮＰＯ法人）, NPO法人,0866-92-0355 ,〒719-1172 岡山県総社市清音軽部６６６−６ ,★★★★☆ ,https://kiyoneyumeterasu.jimdo.com ,https://www.google.com/maps/place/%E3%81%8D%E3%82%88%E3%81%AD%E5%A4%A2%E3%81%A6%E3%82%89%E3%81%99%EF%BC%88%EF%BC%AE%EF%BC%B0%EF%BC%AF%E6%B3%95%E4%BA%BA%EF%BC%89/data=!4m7!3m6!1s0x35515439250d2319:0xfd11d7d6628e133d!8m2!3d34.651037!4d133.7387381!16s%2Fg%2F1tm__0sq!19sChIJGSMNJTlUUTURPROOYtbXEf0?authuser=0&hl=ja&rclk=1
JA晴れの国岡山 倉敷西アグリセンター, 農業組合,086-522-3773 ,〒713-8113 岡山県倉敷市玉島八島１５０７−１ ,★★★☆☆ ,https://ja-hareoka.or.jp ,https://www.google.com/maps/place/JA%E6%99%B4%E3%82%8C%E3%81%AE%E5%9B%BD%E5%B2%A1%E5%B1%B1+%E5%80%89%E6%95%B7%E8%A5%BF%E3%82%A2%E3%82%B0%E3%83%AA%E3%82%BB%E3%83%B3%E3%82%BF%E3%83%BC/data=!4m7!3m6!1s0x35515afc8ce456fb:0xb7f810a9d29612b1!8m2!3d34.5633215!4d133.6681364!16s%2Fg%2F1tf84xdc!19sChIJ-1bkjPxaUTURsRKW0qkQ-Lc?authuser=0&hl=ja&rclk=1
岡山市 第一・第二・第三・第四農業委員会 事務局, 農業関連組織,086-803-1562 ,〒700-0913 岡山県岡山市北区大供１丁目１−１ ,★★☆☆☆ ,,https://www.google.com/maps/place/%E5%B2%A1%E5%B1%B1%E5%B8%82+%E7%AC%AC%E4%B8%80%E3%83%BB%E7%AC%AC%E4%BA%8C%E3%83%BB%E7%AC%AC%E4%B8%89%E3%83%BB%E7%AC%AC%E5%9B%9B%E8%BE%B2%E6%A5%AD%E5%A7%94%E5%93%A1%E4%BC%9A+%E4%BA%8B%E5%8B%99%E5%B1%80/data=!4m7!3m6!1s0x355407b0d391113d:0x7b2191a3744f806a!8m2!3d34.655107!4d133.919566!16s%2Fg%2F1tfbw8jr!19sChIJPRGR07AHVDURaoBPdKORIXs?authuser=0&hl=ja&rclk=1
ひるぜん農園 行列のできるとうもろこし 直売所 販売 産直 冷凍（冬季）岡山 西日本最大級, 農業関連組織,0867-45-0087 ,〒717-0504 岡山県真庭市蒜山下福田４６２ ,★★★★☆ ,https://010913.shop ,https://www.google.com/maps/place/%E3%81%B2%E3%82%8B%E3%81%9C%E3%82%93%E8%BE%B2%E5%9C%92+%E8%A1%8C%E5%88%97%E3%81%AE%E3%81%A7%E3%81%8D%E3%82%8B%E3%81%A8%E3%81%86%E3%82%82%E3%82%8D%E3%81%93%E3%81%97+%E7%9B%B4%E5%A3%B2%E6%89%80+%E8%B2%A9%E5%A3%B2+%E7%94%A3%E7%9B%B4+%E5%86%B7%E5%87%8D%EF%BC%88%E5%86%AC%E5%AD%A3%EF%BC%89%E5%B2%A1%E5%B1%B1+%E8%A5%BF%E6%97%A5%E6%9C%AC%E6%9C%80%E5%A4%A7%E7%B4%9A/data=!4m7!3m6!1s0x3556878ac851339b:0xebb4c8fbe64dd212!8m2!3d35.2808879!4d133.6804608!16s%2Fg%2F11jnv0tjxb!19sChIJmzNRyIqHVjUREtJN5vvItOs?authuser=0&hl=ja&rclk=1
吉備路学園, 障害者向けサービス＆支援組織,0866-92-6580 ,〒719-1155 岡山県総社市小寺１５５３−１ ,★★★☆☆ ,https://kibijigakuen.ecgo.jp ,https://www.google.com/maps/place/%E5%90%89%E5%82%99%E8%B7%AF%E5%AD%A6%E5%9C%92/data=!4m7!3m6!1s0x355154d04373aabb:0x9e55ec0389589b41!8m2!3d34.6974242!4d133.7447268!16s%2Fg%2F1tk6y9cq!19sChIJu6pzQ9BUUTURQZtYiQPsVZ4?authuser=0&hl=ja&rclk=1
是里ワイナリー, ワイナリー,+1 310-606-7356 ,〒701-2435 岡山県赤磐市仁堀中１３５６−１ ,★★★★☆ ,https://g.co ,https://www.google.com/maps/place/%E6%98%AF%E9%87%8C%E3%83%AF%E3%82%A4%E3%83%8A%E3%83%AA%E3%83%BC/data=!4m7!3m6!1s0x35541603af0aeb29:0x1000c3c69a326cae!8m2!3d34.8675571!4d134.0132683!16s%2Fg%2F1v3dpy_g!19sChIJKesKrwMWVDURrmwymsbDABA?authuser=0&hl=ja&rclk=1
ナンバホームセンター 山陽店, ホームセンター,086-955-4911 ,〒709-0811 岡山県赤磐市高屋４２１−１ ,★★★☆☆ ,https://nanbahc.co.jp ,https://www.google.com/maps/place/%E3%83%8A%E3%83%B3%E3%83%90%E3%83%9B%E3%83%BC%E3%83%A0%E3%82%BB%E3%83%B3%E3%82%BF%E3%83%BC+%E5%B1%B1%E9%99%BD%E5%BA%97/data=!4m7!3m6!1s0x355413d354d509a9:0x61857cbab7279c3c!8m2!3d34.7577821!4d134.0249604!16s%2Fg%2F1tdyyshf!19sChIJqQnVVNMTVDURPJwnt7p8hWE?authuser=0&hl=ja&rclk=1
福井県園芸体験施設 園芸LABOの丘, 園芸センター,0770-47-6162 ,〒919-1123 福井県三方郡美浜町久々子３５−３２−１ 園芸研究センター隣接 ,★★★★☆ ,https://pref.fukui.lg.jp ,https://www.google.com/maps/place/%E7%A6%8F%E4%BA%95%E7%9C%8C%E5%9C%92%E8%8A%B8%E4%BD%93%E9%A8%93%E6%96%BD%E8%A8%AD+%E5%9C%92%E8%8A%B8LABO%E3%81%AE%E4%B8%98/data=!4m7!3m6!1s0x6001e7683bcc0887:0xe3fe106891210cc0!8m2!3d35.6006432!4d135.9144672!16s%2Fg%2F11fl130pwv!19sChIJhwjMO2jnAWARwAwhkWgQ_uM?authuser=0&hl=ja&rclk=1
ALLURE WEDDING(アリュールウェディング), ブライダル専門店,086-259-1011 ,〒700-0976 岡山県岡山市北区辰巳４３−１０９ ,★★★★☆ ,https://wedding-allure.jp ,https://www.google.com/maps/place/ALLURE+WEDDING(%E3%82%A2%E3%83%AA%E3%83%A5%E3%83%BC%E3%83%AB%E3%82%A6%E3%82%A7%E3%83%87%E3%82%A3%E3%83%B3%E3%82%B0)/data=!4m7!3m6!1s0x3553f89f7ca1264f:0x8b316703a87f3171!8m2!3d34.6385025!4d133.8867157!16s%2Fg%2F11g9vjmrxt!19sChIJTyahfJ_4UzURcTF_qANnMYs?authuser=0&hl=ja&rclk=1
吉備路若駒牧場, 乗馬クラブ,086-287-7071 ,〒701-1344 岡山県岡山市北区新庄下１１２５ ,★★★★☆ ,,https://www.google.com/maps/place/%E5%90%89%E5%82%99%E8%B7%AF%E8%8B%A5%E9%A7%92%E7%89%A7%E5%A0%B4/data=!4m7!3m6!1s0x3553fff15ba8ffff:0xe365dc3f2ba632f0!8m2!3d34.6736912!4d133.8027639!16s%2Fg%2F11b6v5lz5p!19sChIJ__-oW_H_UzUR8DKmKz_cZeM?authuser=0&hl=ja&rclk=1
コーナン連島店, ホームセンター,086-440-0400 ,〒712-8006 岡山県倉敷市連島町鶴新田１１４３−１ ,★★★★☆ ,https://map.hc-kohnan.com ,https://www.google.com/maps/place/%E3%82%B3%E3%83%BC%E3%83%8A%E3%83%B3%E9%80%A3%E5%B3%B6%E5%BA%97/data=!4m7!3m6!1s0x3551598502f23add:0x897444e7aef610ec!8m2!3d34.5423959!4d133.7216764!16s%2Fg%2F11bzx363jr!19sChIJ3TryAoVZUTUR7BD2rudEdIk?authuser=0&hl=ja&rclk=1
ホームセンタータイム岡南店, ホームセンター,086-230-6740 ,〒702-8053 岡山県岡山市南区築港栄町５−３ ,★★★★☆ ,https://time-all.co.jp ,https://www.google.com/maps/place/%E3%83%9B%E3%83%BC%E3%83%A0%E3%82%BB%E3%83%B3%E3%82%BF%E3%83%BC%E3%82%BF%E3%82%A4%E3%83%A0%E5%B2%A1%E5%8D%97%E5%BA%97/data=!4m7!3m6!1s0x3553f97537f22f07:0x1802a141a0327b16!8m2!3d34.6033995!4d133.9429364!16s%2Fg%2F11spvr53rk!19sChIJBy_yN3X5UzURFnsyoEGhAhg?authuser=0&hl=ja&rclk=1
両備乗馬クラブ・クレイン岡山, 乗馬クラブ,086-297-6622 ,〒709-0604 岡山県岡山市東区寺山１６９ ,★★★★☆ ,https://uma-crane.com ,https://www.google.com/maps/place/%E4%B8%A1%E5%82%99%E4%B9%97%E9%A6%AC%E3%82%AF%E3%83%A9%E3%83%96%E3%83%BB%E3%82%AF%E3%83%AC%E3%82%A4%E3%83%B3%E5%B2%A1%E5%B1%B1/data=!4m7!3m6!1s0x355412bcf3657e3f:0x4354c84615e96b79!8m2!3d34.7078685!4d134.0803234!16s%2Fg%2F1tc_c1yj!19sChIJP35l87wSVDUReWvpFUbIVEM?authuser=0&hl=ja&rclk=1
サッポロビール・ 岡山ワイナリー, ワイナリー,086-957-3838 ,〒701-2214 岡山県赤磐市東軽部１５５６ ,★★★★☆ ,https://sapporobeer.jp ,https://www.google.com/maps/place/%E3%82%B5%E3%83%83%E3%83%9D%E3%83%AD%E3%83%93%E3%83%BC%E3%83%AB%E3%83%BB+%E5%B2%A1%E5%B1%B1%E3%83%AF%E3%82%A4%E3%83%8A%E3%83%AA%E3%83%BC/data=!4m7!3m6!1s0x35541502b7d93ef9:0x7a6d26a5336b0e71!8m2!3d34.8096074!4d134.0272074!16s%2Fg%2F1tdwbs0h!19sChIJ-T7ZtwIVVDURcQ5rM6UmbXo?authuser=0&hl=ja&rclk=1
モンテール スイーツ ストップ 総社直売店, デザート ショップ,048-994-3710 ,〒719-1133 岡山県総社市中原８８−８ ,★★★★☆ ,https://monteur.co.jp ,https://www.google.com/maps/place/%E3%83%A2%E3%83%B3%E3%83%86%E3%83%BC%E3%83%AB+%E3%82%B9%E3%82%A4%E3%83%BC%E3%83%84+%E3%82%B9%E3%83%88%E3%83%83%E3%83%97+%E7%B7%8F%E7%A4%BE%E7%9B%B4%E5%A3%B2%E5%BA%97/data=!4m7!3m6!1s0x3551546b1f4e17d7:0xca1dec7909ca4921!8m2!3d34.6590572!4d133.7302973!16s%2Fg%2F11bbw__k4c!19sChIJ1xdOH2tUUTURIUnKCXnsHco?authuser=0&hl=ja&rclk=1
ホームセンタータイム 山陽店, ホームセンター,086-955-3411 ,〒709-0817 岡山県赤磐市上市１８０−１ ,★★★★☆ ,https://time-all.co.jp ,https://www.google.com/maps/place/%E3%83%9B%E3%83%BC%E3%83%A0%E3%82%BB%E3%83%B3%E3%82%BF%E3%83%BC%E3%82%BF%E3%82%A4%E3%83%A0+%E5%B1%B1%E9%99%BD%E5%BA%97/data=!4m7!3m6!1s0x35541186d5a63db3:0xd225932a3dd531df!8m2!3d34.7565737!4d134.0173858!16s%2Fg%2F1tm867j_!19sChIJsz2m1YYRVDUR3zHVPSqTJdI?authuser=0&hl=ja&rclk=1
キャンドルフェアリー, キャンドル専門店,086-454-4505 ,〒710-0055 岡山県倉敷市阿知３丁目１８−６ ,★★★★★ ,https://candle-fairy.jp ,https://www.google.com/maps/place/%E3%82%AD%E3%83%A3%E3%83%B3%E3%83%89%E3%83%AB%E3%83%95%E3%82%A7%E3%82%A2%E3%83%AA%E3%83%BC/data=!4m7!3m6!1s0x3551564612be3db5:0xe50463d442f2b541!8m2!3d34.5971243!4d133.7674508!16s%2Fg%2F11ggzltm44!19sChIJtT2-EkZWUTURQbXyQtRjBOU?authuser=0&hl=ja&rclk=1
ジュンテンドー 吉井店, ホームセンター,086-954-9011 ,〒701-2503 岡山県赤磐市周匝７３３−１ ,★★★☆☆ ,https://asp.shufoo.net ,https://www.google.com/maps/place/%E3%82%B8%E3%83%A5%E3%83%B3%E3%83%86%E3%83%B3%E3%83%89%E3%83%BC+%E5%90%89%E4%BA%95%E5%BA%97/data=!4m7!3m6!1s0x355438a0d25d7855:0xf69288419687c197!8m2!3d34.9183068!4d134.0941848!16s%2Fg%2F1v9gs8t0!19sChIJVXhd0qA4VDURl8GHlkGIkvY?authuser=0&hl=ja&rclk=1
ホームプラザナフコ 赤磐店, ホームセンター,086-957-9221 ,〒701-2222 岡山県赤磐市町苅田１０２５−１ ,★★★★☆ ,https://nafco.life ,https://www.google.com/maps/place/%E3%83%9B%E3%83%BC%E3%83%A0%E3%83%97%E3%83%A9%E3%82%B6%E3%83%8A%E3%83%95%E3%82%B3+%E8%B5%A4%E7%A3%90%E5%BA%97/data=!4m7!3m6!1s0x3554114f9c690c5f:0x1e41071f80035337!8m2!3d34.790786!4d134.011964!16s%2Fg%2F11_r4j78w!19sChIJXwxpnE8RVDURN1MDgB8HQR4?authuser=0&hl=ja&rclk=1
キャンドゥ ブランチ岡山北長瀬店, 100 円ショップ,086-245-2230 ,〒700-0962 岡山県岡山市北区北長瀬表町２丁目１７−８０ ブランチ岡山北長瀬 C210 ,★★★★☆ ,https://cando-web.co.jp ,https://www.google.com/maps/place/%E3%82%AD%E3%83%A3%E3%83%B3%E3%83%89%E3%82%A5+%E3%83%96%E3%83%A9%E3%83%B3%E3%83%81%E5%B2%A1%E5%B1%B1%E5%8C%97%E9%95%B7%E7%80%AC%E5%BA%97/data=!4m7!3m6!1s0x3554076985555555:0x912e044a55bbac85!8m2!3d34.6526831!4d133.887513!16s%2Fg%2F11hy_pfwhq!19sChIJVVVVhWkHVDURhay7VUoELpE?authuser=0&hl=ja&rclk=1
啓文社 岡山本店, 書店,086-805-1123 ,〒700-0973 岡山県岡山市北区下中野３７７−１ ,★★★★☆ ,https://keibunsha.net ,https://www.google.com/maps/place/%E5%95%93%E6%96%87%E7%A4%BE+%E5%B2%A1%E5%B1%B1%E6%9C%AC%E5%BA%97/data=!4m7!3m6!1s0x355407820abfc313:0x5b24eca82150ba95!8m2!3d34.6382067!4d133.904733!16s%2Fg%2F1thmhtt1!19sChIJE8O_CoIHVDURlbpQIajsJFs?authuser=0&hl=ja&rclk=1
園芸LABOの丘, 店舗,,３１-３ 久々子 美浜町 三方郡 福井県 919-1123 ,★★★★☆ ,https://pref.fukui.lg.jp ,https://www.google.com/maps/place/%E5%9C%92%E8%8A%B8LABO%E3%81%AE%E4%B8%98/data=!4m7!3m6!1s0x6001e7547e3c20f9:0xa4d27c8e3ac5437!8m2!3d35.6010715!4d135.9144832!16s%2Fg%2F11hdz8b500!19sChIJ-SA8flTnAWARN1Ss48gnTQo?authuser=0&hl=ja&rclk=1
ザ・ダイソーラムー津山店, 100 円ショップ,070-7575-4415 ,〒708-0822 岡山県津山市林田 西神命６９番 ,★★★★☆ ,https://daiso-sangyo.co.jp ,https://www.google.com/maps/place/%E3%82%B6%E3%83%BB%E3%83%80%E3%82%A4%E3%82%BD%E3%83%BC%E3%83%A9%E3%83%A0%E3%83%BC%E6%B4%A5%E5%B1%B1%E5%BA%97/data=!4m7!3m6!1s0x355431492d5379db:0x5e6307ec1c8b828e!8m2!3d35.0707282!4d134.0131415!16s%2Fg%2F1hc1l_zs4!19sChIJ23lTLUkxVDURjoKLHOwHY14?authuser=0&hl=ja&rclk=1
イオン倉敷店, スーパーマーケット,086-430-5000 ,〒710-8560 岡山県倉敷市水江１ ,★★★★☆ ,https://aeon.com ,https://www.google.com/maps/place/%E3%82%A4%E3%82%AA%E3%83%B3%E5%80%89%E6%95%B7%E5%BA%97/data=!4m7!3m6!1s0x355156fb5d37eddf:0x530aec158d6645fc!8m2!3d34.6022248!4d133.7450843!16s%2Fg%2F1w8w7tyg!19sChIJ3-03XftWUTUR_EVmjRXsClM?authuser=0&hl=ja&rclk=1
河野園芸, 農場,0848-78-0108 ,〒722-1564 広島県尾道市御調町今田甲９３-１ ,★★★★★ ,https://konoengei.com ,https://www.google.com/maps/place/%E6%B2%B3%E9%87%8E%E5%9C%92%E8%8A%B8/data=!4m7!3m6!1s0x3550fc72d7807bc3:0x4b6ecb53fefd076f!8m2!3d34.4999344!4d133.1032491!16s%2Fg%2F1tmbsydk!19sChIJw3uA13L8UDURbwf9_lPLbks?authuser=0&hl=ja&rclk=1
ダイソーイオンモール倉敷店, 100 円ショップ,070-7575-4400 ,〒710-0802 岡山県倉敷市水江１ ,★★★☆☆ ,https://daiso-sangyo.co.jp ,https://www.google.com/maps/place/%E3%83%80%E3%82%A4%E3%82%BD%E3%83%BC%E3%82%A4%E3%82%AA%E3%83%B3%E3%83%A2%E3%83%BC%E3%83%AB%E5%80%89%E6%95%B7%E5%BA%97/data=!4m7!3m6!1s0x355156fb5d37eddf:0x74596f01934e778!8m2!3d34.6028697!4d133.7462944!16s%2Fg%2F1tx8q_zx!19sChIJ3-03XftWUTUReOc0GfCWRQc?authuser=0&hl=ja&rclk=1
鳥取西部農業協同組合 ふれあい村アスパル, ファーマーズ マーケット,0859-27-0313 ,〒689-3553 鳥取県西伯郡日吉津村日吉津１４５０ ,★★★★☆ ,https://asupal.shop ,https://www.google.com/maps/place/%E9%B3%A5%E5%8F%96%E8%A5%BF%E9%83%A8%E8%BE%B2%E6%A5%AD%E5%8D%94%E5%90%8C%E7%B5%84%E5%90%88+%E3%81%B5%E3%82%8C%E3%81%82%E3%81%84%E6%9D%91%E3%82%A2%E3%82%B9%E3%83%91%E3%83%AB/data=!4m7!3m6!1s0x3556589a2e8e1b8f:0x47478fdcdd5e4847!8m2!3d35.4468023!4d133.3820234!16s%2Fg%2F1wzt06b5!19sChIJjxuOLppYVjURR0he3dyPR0c?authuser=0&hl=ja&rclk=1
（社）日本施設園芸協会, 庭園,03-3667-1631 ,〒103-0004 東京都中央区東日本橋３丁目６−１７ ,★★★☆☆ ,,https://www.google.com/maps/place/%EF%BC%88%E7%A4%BE%EF%BC%89%E6%97%A5%E6%9C%AC%E6%96%BD%E8%A8%AD%E5%9C%92%E8%8A%B8%E5%8D%94%E4%BC%9A/data=!4m7!3m6!1s0x6018894d847e3865:0x8ba72525fcd15139!8m2!3d35.6904234!4d139.7835603!16s%2Fg%2F1tkp4zd5!19sChIJZTh-hE2JGGAROVHR_CUlp4s?authuser=0&hl=ja&rclk=1
DCM上福岡店, ホームセンター,087-833-9955 ,〒760-0077 香川県高松市上福岡町８３８−１ ,★★★★☆ ,https://dcm-hc.co.jp ,https://www.google.com/maps/place/DCM%E4%B8%8A%E7%A6%8F%E5%B2%A1%E5%BA%97/data=!4m7!3m6!1s0x3553eb72594ca43d:0xecacff8756c8ed3e!8m2!3d34.3300088!4d134.0660027!16s%2Fg%2F1vr1th13!19sChIJPaRMWXLrUzURPu3IVof_rOw?authuser=0&hl=ja&rclk=1
犬島 くらしの植物園, 植物園,,〒704-8153 岡山県岡山市東区犬島５３ ,★★★★☆ ,https://benesse-artsite.jp ,https://www.google.com/maps/place/%E7%8A%AC%E5%B3%B6+%E3%81%8F%E3%82%89%E3%81%97%E3%81%AE%E6%A4%8D%E7%89%A9%E5%9C%92/data=!4m7!3m6!1s0x3554754a7c86ae17:0x8a3e286e1e0646e2!8m2!3d34.5630555!4d134.0986849!16s%2Fg%2F11c20brkq9!19sChIJF66GfEp1VDUR4kYGHm4oPoo?authuser=0&hl=ja&rclk=1
西村ジョイ Sメガホームセンター 屋島店, ホームセンター,087-843-5000 ,〒761-0113 香川県高松市屋島西町２１０５−８ ,★★★★☆ ,https://nishimura-joy.co.jp ,https://www.google.com/maps/place/%E8%A5%BF%E6%9D%91%E3%82%B8%E3%83%A7%E3%82%A4+S%E3%83%A1%E3%82%AC%E3%83%9B%E3%83%BC%E3%83%A0%E3%82%BB%E3%83%B3%E3%82%BF%E3%83%BC+%E5%B1%8B%E5%B3%B6%E5%BA%97/data=!4m7!3m6!1s0x3553ecb03936178f:0x4b25b07996ab321b!8m2!3d34.3459554!4d134.0884668!16s%2Fg%2F1tjkcm6x!19sChIJjxc2ObDsUzURGzKrlnmwJUs?authuser=0&hl=ja&rclk=1
西村ジョイ 観音寺店, ホームセンター,0875-25-8000 ,〒768-0067 香川県観音寺市坂本町６丁目３−２２ ,★★★★☆ ,https://nishimura-joy.co.jp ,https://www.google.com/maps/place/%E8%A5%BF%E6%9D%91%E3%82%B8%E3%83%A7%E3%82%A4+%E8%A6%B3%E9%9F%B3%E5%AF%BA%E5%BA%97/data=!4m7!3m6!1s0x3551831961d9d99d:0xd1b7fd64c0255991!8m2!3d34.124697!4d133.661498!16s%2Fg%2F1xgrks48!19sChIJndnZYRmDUTURkVklwGT9t9E?authuser=0&hl=ja&rclk=1
サンアグリ しわひめ, 園芸センター,0228-21-4161 ,〒989-5610 宮城県栗原市志波姫要害東１７７ ,★★★★☆ ,,https://www.google.com/maps/place/%E3%82%B5%E3%83%B3%E3%82%A2%E3%82%B0%E3%83%AA+%E3%81%97%E3%82%8F%E3%81%B2%E3%82%81/data=!4m7!3m6!1s0x5f8921c590fa2e7d:0x4def5907f1e6ec92!8m2!3d38.773635!4d141.074715!16s%2Fg%2F1tdqtbr7!19sChIJfS76kMUhiV8Rkuzm8QdZ700?authuser=0&hl=ja&rclk=1
コーナン西宮今津店, ホームセンター,0798-38-0261 ,〒663-8226 兵庫県西宮市今津港町1番26号 ,★★★★☆ ,https://map.hc-kohnan.com ,https://www.google.com/maps/place/%E3%82%B3%E3%83%BC%E3%83%8A%E3%83%B3%E8%A5%BF%E5%AE%AE%E4%BB%8A%E6%B4%A5%E5%BA%97/data=!4m7!3m6!1s0x6000f276ef87eb33:0xf58a40f500a9c917!8m2!3d34.7236881!4d135.3493012!16s%2Fg%2F1vyn3rt6!19sChIJM-uH73byAGARF8mpAPVAivU?authuser=0&hl=ja&rclk=1
（株）清光園芸,造園用品店,096-279-2829 ,〒861-2402 熊本県阿蘇郡西原村小森３５９０−８ ,,https://seiko-engei.com ,https://www.google.com/maps/place/%EF%BC%88%E6%A0%AA%EF%BC%89%E6%B8%85%E5%85%89%E5%9C%92%E8%8A%B8/data=!4m7!3m6!1s0x3540e612ed0f1dbd:0xe74dc72cfcc65bb6!8m2!3d32.8400376!4d130.889253!16s%2Fg%2F1v2dz8js!19sChIJvR0P7RLmQDURtlvG_CzHTec?authuser=0&hl=ja&rclk=1
コーナン川西久代店, ホームセンター,072-756-8057 ,〒666-0024 兵庫県川西市久代６丁目1番5号 ,★★★★☆ ,https://map.hc-kohnan.com ,https://www.google.com/maps/place/%E3%82%B3%E3%83%BC%E3%83%8A%E3%83%B3%E5%B7%9D%E8%A5%BF%E4%B9%85%E4%BB%A3%E5%BA%97/data=!4m7!3m6!1s0x6000f0e04e5e9be7:0x11bed3796d840dc!8m2!3d34.8017951!4d135.4137078!16s%2Fg%2F1tkjl2ps!19sChIJ55teTuDwAGAR3EDYljftGwE?authuser=0&hl=ja&rclk=1
キョーエイ 北島店, スーパーマーケット,088-698-8181 ,〒771-0205 徳島県板野郡北島町江尻小分１８ ,★★★★☆ ,https://kyoei-group.co.jp ,https://www.google.com/maps/place/%E3%82%AD%E3%83%A7%E3%83%BC%E3%82%A8%E3%82%A4+%E5%8C%97%E5%B3%B6%E5%BA%97/data=!4m7!3m6!1s0x35536dff01f6ea23:0x97f6c702ca7f32f8!8m2!3d34.1215857!4d134.5521707!16s%2Fg%2F1tdxyqk1!19sChIJI-r2Af9tUzUR-DJ_ygLH9pc?authuser=0&hl=ja&rclk=1
コーナンフレスポ東大阪稲田店, ホームセンター,06-6748-8930 ,〒577-0004 大阪府東大阪市稲田新町３丁目９−６４ ,★★★★☆ ,https://map.hc-kohnan.com ,https://www.google.com/maps/place/%E3%82%B3%E3%83%BC%E3%83%8A%E3%83%B3%E3%83%95%E3%83%AC%E3%82%B9%E3%83%9D%E6%9D%B1%E5%A4%A7%E9%98%AA%E7%A8%B2%E7%94%B0%E5%BA%97/data=!4m7!3m6!1s0x6000e007e2ccd927:0xaba9aa213da8d129!8m2!3d34.6908921!4d135.5913727!16s%2Fg%2F1thsr7x9!19sChIJJ9nM4gfgAGARKdGoPSGqqas?authuser=0&hl=ja&rclk=1
マルナカ パワーシティ鴨島店, スーパーマーケット,0883-26-0220 ,〒776-0001 徳島県吉野川市鴨島町牛島１３９−３ ,★★★★☆ ,https://maxvalu.co.jp ,https://www.google.com/maps/place/%E3%83%9E%E3%83%AB%E3%83%8A%E3%82%AB+%E3%83%91%E3%83%AF%E3%83%BC%E3%82%B7%E3%83%86%E3%82%A3%E9%B4%A8%E5%B3%B6%E5%BA%97/data=!4m7!3m6!1s0x3553a09226b3350d:0x5de86104c36e70f8!8m2!3d34.0838955!4d134.3852427!16s%2Fg%2F11clsh5jjq!19sChIJDTWzJpKgUzUR-HBuwwRh6F0?authuser=0&hl=ja&rclk=1
コーナン外環新石切店, ホームセンター,072-983-7555 ,〒579-8026 大阪府東大阪市弥生町16番12号 ,★★★★☆ ,https://map.hc-kohnan.com ,https://www.google.com/maps/place/%E3%82%B3%E3%83%BC%E3%83%8A%E3%83%B3%E5%A4%96%E7%92%B0%E6%96%B0%E7%9F%B3%E5%88%87%E5%BA%97/data=!4m7!3m6!1s0x6001205498279cd1:0xf9404a7e3435e1f8!8m2!3d34.6792546!4d135.6367646!16s%2Fg%2F1td1jxdg!19sChIJ0ZwnmFQgAWAR-OE1NH5KQPk?authuser=0&hl=ja&rclk=1
マルナカ パワーシティ鴨島店, スーパーマーケット,0883-26-0220 ,〒776-0001 徳島県吉野川市鴨島町牛島１３９−３ ,★★★★☆ ,https://maxvalu.co.jp ,https://www.google.com/maps/place/%E3%83%9E%E3%83%AB%E3%83%8A%E3%82%AB+%E3%83%91%E3%83%AF%E3%83%BC%E3%82%B7%E3%83%86%E3%82%A3%E9%B4%A8%E5%B3%B6%E5%BA%97/data=!4m7!3m6!1s0x3553a09226b3350d:0x5de86104c36e70f8!8m2!3d34.0838955!4d134.3852427!16s%2Fg%2F11clsh5jjq!19sChIJDTWzJpKgUzUR-HBuwwRh6F0?authuser=0&hl=ja&rclk=1
マルナカ パワーシティ鳴門店, スーパーマーケット,088-684-1001 ,〒772-0011 徳島県鳴門市撫養町大桑島濘岩浜４−１ ,★★★★☆ ,https://maxvalu.co.jp ,https://www.google.com/maps/place/%E3%83%9E%E3%83%AB%E3%83%8A%E3%82%AB+%E3%83%91%E3%83%AF%E3%83%BC%E3%82%B7%E3%83%86%E3%82%A3%E9%B3%B4%E9%96%80%E5%BA%97/data=!4m7!3m6!1s0x355365c208d6f7b7:0xc87923c6b4561827!8m2!3d34.1869262!4d134.6123082!16s%2Fg%2F1tdk2_5p!19sChIJt_fWCMJlUzURJxhWtMYjecg?authuser=0&hl=ja&rclk=1
コーナン長吉長原店, ホームセンター,06-6704-0337 ,〒547-0011 大阪府大阪市平野区長吉出戸８丁目 ホームセンターコーナン長吉長原店 ,★★★☆☆ ,https://map.hc-kohnan.com ,https://www.google.com/maps/place/%E3%82%B3%E3%83%BC%E3%83%8A%E3%83%B3%E9%95%B7%E5%90%89%E9%95%B7%E5%8E%9F%E5%BA%97/data=!4m7!3m6!1s0x6000d8cdd7a39063:0x70c861744066f92f!8m2!3d34.6065636!4d135.5743693!16s%2Fg%2F1tfdyqmz!19sChIJY5Cj183YAGARL_lmQHRhyHA?authuser=0&hl=ja&rclk=1
藤三 焼山ショッピングセンター, スーパーマーケット,0823-33-5000 ,〒737-0935 広島県呉市焼山中央１丁目１４−１ ,★★★★☆ ,https://k-fujisan.co.jp ,https://www.google.com/maps/place/%E8%97%A4%E4%B8%89+%E7%84%BC%E5%B1%B1%E3%82%B7%E3%83%A7%E3%83%83%E3%83%94%E3%83%B3%E3%82%B0%E3%82%BB%E3%83%B3%E3%82%BF%E3%83%BC/data=!4m7!3m6!1s0x35500a05f9098367:0x97942eebe4268251!8m2!3d34.2941955!4d132.556284!16s%2Fg%2F1td15n4k!19sChIJZ4MJ-QUKUDURUYIm5OsulJc?authuser=0&hl=ja&rclk=1
ナンバホームセンター 三木店, ホームセンター,0794-82-7811 ,〒673-0403 兵庫県三木市末広３丁目１９−２３ ,★★★★☆ ,https://nanbahc.co.jp ,https://www.google.com/maps/place/%E3%83%8A%E3%83%B3%E3%83%90%E3%83%9B%E3%83%BC%E3%83%A0%E3%82%BB%E3%83%B3%E3%82%BF%E3%83%BC+%E4%B8%89%E6%9C%A8%E5%BA%97/data=!4m7!3m6!1s0x35552ced14f6391b:0xe9434030ddd2ca93!8m2!3d34.8019923!4d134.973549!16s%2Fg%2F1tf3lrg_!19sChIJGzn2FO0sVTURk8rS3TBAQ-k?authuser=0&hl=ja&rclk=1
イオンスタイル天王町, スーパーマーケット,045-338-1000 ,〒240-0001 神奈川県横浜市保土ケ谷区川辺町３−５ ,★★★★☆ ,https://aeon.com ,https://www.google.com/maps/place/%E3%82%A4%E3%82%AA%E3%83%B3%E3%82%B9%E3%82%BF%E3%82%A4%E3%83%AB%E5%A4%A9%E7%8E%8B%E7%94%BA/data=!4m7!3m6!1s0x60185bb0642a7a25:0x5642661d3c44cf4c!8m2!3d35.4585317!4d139.5999157!16s%2Fg%2F11s8s7c6bw!19sChIJJXoqZLBbGGARTM9EPB1mQlY?authuser=0&hl=ja&rclk=1
イオン春日部店, スーパーマーケット,048-718-3900 ,〒344-0122 埼玉県春日部市下柳４２０−１ ,★★★★☆ ,https://aeon.com ,https://www.google.com/maps/place/%E3%82%A4%E3%82%AA%E3%83%B3%E6%98%A5%E6%97%A5%E9%83%A8%E5%BA%97/data=!4m7!3m6!1s0x6018bc0a088aa813:0xdf2eb894b0214c0b!8m2!3d35.988554!4d139.7896355!16s%2Fg%2F1ptyfj990!19sChIJE6iKCAq8GGARC0whsJS4Lt8?authuser=0&hl=ja&rclk=1
ジョイフル本田 千葉店, ホームセンター,043-251-1138 ,〒263-0051 千葉県千葉市稲毛区園生町３６８−１ ,★★★★☆ ,https://joyfulhonda.com ,https://www.google.com/maps/place/%E3%82%B8%E3%83%A7%E3%82%A4%E3%83%95%E3%83%AB%E6%9C%AC%E7%94%B0+%E5%8D%83%E8%91%89%E5%BA%97/data=!4m7!3m6!1s0x602284661a69e361:0xe6b655c64864d409!8m2!3d35.6503187!4d140.1170932!16s%2Fg%2F1tmg6p4f!19sChIJYeNpGmaEImARCdRkSMZVtuY?authuser=0&hl=ja&rclk=1
イオンスタイル北戸田, スーパーマーケット,048-422-9700 ,〒335-0032 埼玉県戸田市美女木東１丁目３−１ ,★★★★☆ ,https://aeon.com ,https://www.google.com/maps/place/%E3%82%A4%E3%82%AA%E3%83%B3%E3%82%B9%E3%82%BF%E3%82%A4%E3%83%AB%E5%8C%97%E6%88%B8%E7%94%B0/data=!4m7!3m6!1s0x6018eaff1611fae9:0x40e7e4ce881924b9!8m2!3d35.8268539!4d139.6520544!16s%2Fg%2F1td0n14t!19sChIJ6foRFv_qGGARuSQZiM7k50A?authuser=0&hl=ja&rclk=1
イオンスタイル上尾, スーパーマーケット,048-770-3800 ,〒362-0034 埼玉県上尾市愛宕３丁目８−１ イオンモール上尾 ,★★★★☆ ,https://aeon.com ,https://www.google.com/maps/place/%E3%82%A4%E3%82%AA%E3%83%B3%E3%82%B9%E3%82%BF%E3%82%A4%E3%83%AB%E4%B8%8A%E5%B0%BE/data=!4m7!3m6!1s0x6018c5a9276cce53:0xc4b66721367a057e!8m2!3d35.965077!4d139.5992139!16s%2Fg%2F11qpjj0l80!19sChIJU85sJ6nFGGARfgV6NiFntsQ?authuser=0&hl=ja&rclk=1
好日山荘 調布パルコ店, アウトドア スポーツ用品店,042-426-8055 ,〒182-0026 東京都調布市小島町１丁目３８−１ 調布パルコ 4F ,★★★★☆ ,https://kojitusanso.jp ,https://www.google.com/maps/place/%E5%A5%BD%E6%97%A5%E5%B1%B1%E8%8D%98+%E8%AA%BF%E5%B8%83%E3%83%91%E3%83%AB%E3%82%B3%E5%BA%97/data=!4m7!3m6!1s0x6018f0149f2d65a9:0x1b40516277db49b9!8m2!3d35.6528376!4d139.5434377!16s%2Fg%2F1vg6ts6b!19sChIJqWUtnxTwGGARuUnbd2JRQBs?authuser=0&hl=ja&rclk=1
